requestID, startTime, sourceID, destinationID
RQ_783,4,WP_SB38,WP_PM32
RQ_742,6,WP_C22M,WP_Y54M
RQ_629,5,WP_SE29,WP_Y28M
RQ_255,11,WP_TPM,WP_CK64
RQ_581,10,WP_C22M,WP_B85
RQ_884,7,WP_BBM6,WP_BJ59
RQ_459,19,WP_BL21,WP_TBC2
RQ_0,26,WP_C22M,WP_TY1
RQ_546,16,WP_TPMD,WP_PL16
RQ_670,29,WP_TJ39,WP_KEM1
RQ_671,26,WP_Y28M,WP_B74
RQ_439,22,WP_KEM1,WP_BBM6
RQ_431,13,WP_JM1,WP_MP5M
RQ_447,27,WP_SE40,WP_C28M
RQ_487,42,WP_TJ39,WP_Y61M
RQ_65,71,WP_IUPX,WP_JM17
RQ_544,34,WP_GMLM,WP_NBRM
RQ_298,32,WP_S101,WP_SE29
RQ_288,23,WP_TJ39,WP_Y61M
RQ_646,62,WP_MM2,WP_C28M
RQ_697,42,WP_FR3M,WP_PM44
RQ_727,127,WP_Y64M,WP_TM46
RQ_756,52,WP_KEM1,WP_SB14
RQ_796,71,WP_SB14,WP_SE50
RQ_818,25,WP_J58,WP_AM32
RQ_420,24,WP_HLM,WP_B97
RQ_859,21,WP_W574,WP_CK34
RQ_895,29,WP_W63,WP_HG47
RQ_471,40,WP_Y54M,WP_IUPX
RQ_479,46,WP_PL62,WP_W63
RQ_507,83,WP_J75M,WP_CK74
RQ_513,78,WP_JM1,WP_THM
RQ_256,85,WP_J75M,WP_BBM9
RQ_159,47,WP_Y28M,WP_AM22
RQ_572,88,WP_IUPX,WP_HG95
RQ_263,34,WP_TM51,WP_CK64
RQ_297,78,WP_CK60,WP_S101
RQ_153,148,WP_W574,WP_J58
RQ_154,125,WP_W12M,WP_BBM9
RQ_640,154,WP_C28M,WP_IABY
RQ_337,67,WP_BBM9,WP_HG93
RQ_320,75,WP_IABY,WP_SE29
RQ_70,55,WP_IABY,WP_AM32
RQ_372,154,WP_TM46,WP_MP5M
RQ_705,153,WP_CK64,WP_W12M
RQ_739,87,WP_MP5M,WP_B85
RQ_764,68,WP_FR3M,WP_IABY
RQ_388,235,WP_AM79,WP_BJ59
RQ_794,87,WP_SE50,WP_BL21
RQ_805,69,WP_TBC2,WP_TPM8
RQ_810,47,WP_PM44,WP_KTM6
RQ_831,96,WP_B74,WP_Y54M
RQ_836,29,WP_W95,WP_B74
RQ_246,49,WP_BE13,WP_PL62
RQ_882,25,WP_BJ59,WP_TM46
RQ_102,67,WP_JM1,WP_BJ5
RQ_457,177,WP_TPM,WP_SE29
RQ_942,62,WP_W95,WP_SIM6
RQ_475,53,WP_HG95,WP_BBM7
RQ_227,194,WP_PL62,WP_JM17
RQ_989,109,WP_MM2,WP_CK74
RQ_496,142,WP_HG54,WP_W574
RQ_499,91,WP_DRM2,WP_TM41
RQ_69,142,WP_BJ59,WP_AM79
RQ_519,253,WP_SK55,WP_W12M
RQ_533,239,WP_AM79,WP_W574
RQ_538,394,WP_SB14,WP_TPM
RQ_543,49,WP_B97,WP_IUPX
RQ_275,86,WP_W12M,WP_CK64
RQ_562,149,WP_BKRM,WP_AM22
RQ_285,132,WP_THM,WP_SIM6
RQ_148,141,WP_Y64M,WP_W574
RQ_588,65,WP_S105,WP_BJ5
RQ_592,96,WP_Y61M,WP_AM79
RQ_605,119,WP_KEM1,WP_IUPX
RQ_610,249,WP_RHM3,WP_JM1
RQ_621,247,WP_TM51,WP_SB38
RQ_317,168,WP_TY1,WP_HG93
RQ_316,223,WP_TM41,WP_SH2
RQ_80,169,WP_KM3,WP_TY1
RQ_647,343,WP_PRM1,WP_BJ5
RQ_655,230,WP_HG95,WP_FR3M
RQ_334,217,WP_J75M,WP_Y28M
RQ_170,174,WP_TM41,WP_THM
RQ_685,286,WP_CK74,WP_BE13
RQ_348,296,WP_TWM2,WP_SH2
RQ_687,111,WP_SB38,WP_SE29
RQ_353,202,WP_AM79,WP_BBM6
RQ_713,335,WP_B97,WP_PM12
RQ_720,283,WP_BL21,WP_W12M
RQ_731,175,WP_SB38,WP_SE29
RQ_373,157,WP_BBM6,WP_FR3M
RQ_744,145,WP_B71,WP_W95
RQ_757,249,WP_RHM3,WP_B74
RQ_703,81,WP_BJ5,WP_TGM1
RQ_770,293,WP_TPM8,WP_CK64
RQ_191,477,WP_TPM8,WP_SE50
RQ_786,268,WP_PM12,WP_TWM2
RQ_412,103,WP_TGM1,WP_GMLM
RQ_404,250,WP_Y54M,WP_TGM1
RQ_5,143,WP_Y54M,WP_SH2
RQ_817,71,WP_AM22,WP_BBM6
RQ_830,187,WP_JM17,WP_HG95
RQ_423,141,WP_SE50,WP_JM1
RQ_210,199,WP_KTM6,WP_PM32
RQ_421,166,WP_IUPX,WP_BE13
RQ_855,124,WP_PM44,WP_PM32
RQ_436,104,WP_CK64,WP_PM12
RQ_875,165,WP_BBM7,WP_W44
RQ_866,36,WP_TPM,WP_PL16
RQ_889,67,WP_W44,WP_KTM6
RQ_897,192,WP_CK60,WP_THM
RQ_30,237,WP_PM44,WP_KM3
RQ_912,194,WP_BJ5,WP_Y61M
RQ_229,195,WP_CK34,WP_SE29
RQ_468,233,WP_SIM6,WP_B71
RQ_936,93,WP_SB14,WP_C28M
RQ_946,166,WP_SIM6,WP_Y61M
RQ_467,179,WP_SE50,WP_THM
RQ_480,301,WP_B71,WP_IUPX
RQ_967,217,WP_SB38,WP_TPMD
RQ_6,242,WP_KEM1,WP_HG47
RQ_251,160,WP_DRM2,WP_TM51
RQ_995,336,WP_TPMD,WP_MP5M
RQ_240,180,WP_W95,WP_IUPX
RQ_62,580,WP_SE50,WP_BBM6
RQ_253,200,WP_AM79,WP_SB14
RQ_19,283,WP_TBC2,WP_B74
RQ_516,227,WP_W63,WP_CK74
RQ_520,332,WP_TWM2,WP_GSM
RQ_526,276,WP_FR3M,WP_GMLM
RQ_530,274,WP_TGM1,WP_TM46
RQ_264,274,WP_Y54M,WP_TM46
RQ_268,406,WP_BJ59,WP_TPM8
RQ_542,539,WP_S101,WP_TPM
RQ_278,74,WP_AM32,WP_SE40
RQ_547,197,WP_KM3,WP_S105
RQ_137,449,WP_SE50,WP_W44
RQ_558,120,WP_CK74,WP_W44
RQ_561,230,WP_AM79,WP_CK60
RQ_280,461,WP_GMLM,WP_NBRM
RQ_568,364,WP_AM79,WP_SK55
RQ_66,217,WP_HG47,WP_BJ59
RQ_575,422,WP_SE29,WP_AM32
RQ_289,231,WP_SK55,WP_SH2
RQ_585,426,WP_FR3M,WP_TM46
RQ_293,201,WP_PM44,WP_PRM1
RQ_149,107,WP_W12M,WP_CK60
RQ_146,180,WP_TJ39,WP_W44
RQ_599,440,WP_SIM6,WP_JM17
RQ_302,264,WP_SB14,WP_J58
RQ_305,329,WP_SB14,WP_BBM6
RQ_611,326,WP_SB38,WP_TY1
RQ_615,483,WP_W95,WP_CK34
RQ_619,375,WP_W63,WP_SK55
RQ_77,579,WP_PRM1,WP_PM44
RQ_628,430,WP_BBM9,WP_TM46
RQ_36,516,WP_J75M,WP_NBRM
RQ_158,286,WP_HG54,WP_SB14
RQ_10,294,WP_NBRM,WP_THM
RQ_40,197,WP_SIM6,WP_IABY
RQ_649,360,WP_PM44,WP_THM
RQ_161,577,WP_SK55,WP_SIM6
RQ_163,379,WP_Y64M,WP_SE50
RQ_659,241,WP_CK60,WP_Y54M
RQ_666,684,WP_HG47,WP_PM44
RQ_329,261,WP_BL21,WP_SE29
RQ_85,334,WP_RHM3,WP_JM1
RQ_677,407,WP_HG93,WP_GMLM
RQ_84,579,WP_SE40,WP_SK55
RQ_339,453,WP_J75M,WP_SB14
RQ_688,431,WP_J75M,WP_SB14
RQ_691,428,WP_W44,WP_S105
RQ_171,416,WP_PRM1,WP_Y54M
RQ_702,207,WP_CK64,WP_SK55
RQ_352,325,WP_C28M,WP_SE50
RQ_177,365,WP_IUPX,WP_IABY
RQ_22,444,WP_TY1,WP_B71
RQ_718,392,WP_Y28M,WP_TM46
RQ_181,342,WP_B85,WP_KTM6
RQ_362,398,WP_DRM2,WP_PL16
RQ_728,297,WP_PL62,WP_FR3M
RQ_37,260,WP_PM44,WP_BBM9
RQ_367,603,WP_NBRM,WP_SE50
RQ_360,197,WP_IUPX,WP_SE29
RQ_746,255,WP_TPM8,WP_HG95
RQ_370,330,WP_JM1,WP_J58
RQ_94,463,WP_SE29,WP_JM1
RQ_376,293,WP_TBC2,WP_BJ59
RQ_761,328,WP_BBM7,WP_SE50
RQ_762,127,WP_TPMD,WP_AM79
RQ_769,479,WP_TJ39,WP_BJ59
RQ_196,296,WP_BJ59,WP_CK34
RQ_776,498,WP_JM17,WP_BJ5
RQ_390,651,WP_GSM,WP_B71
RQ_49,307,WP_SB38,WP_Y61M
RQ_787,403,WP_W44,WP_JM1
RQ_197,573,WP_Y61M,WP_SE40
RQ_798,119,WP_SE40,WP_PM12
RQ_802,611,WP_W63,WP_SE40
RQ_401,526,WP_IUPX,WP_NBRM
RQ_807,219,WP_BKRM,WP_HG47
RQ_813,314,WP_TM51,WP_B97
RQ_204,146,WP_C22M,WP_Y54M
RQ_410,288,WP_BE13,WP_Y64M
RQ_101,218,WP_SK55,WP_TBC2
RQ_826,204,WP_KM3,WP_TPM
RQ_415,640,WP_SB38,WP_SIM6
RQ_25,171,WP_SE29,WP_W574
RQ_209,505,WP_SIM6,WP_HG47
RQ_844,231,WP_C28M,WP_TY1
RQ_848,681,WP_W63,WP_W12M
RQ_425,320,WP_KEM1,WP_B74
RQ_429,277,WP_NBRM,WP_BBM9
RQ_854,146,WP_C28M,WP_TM51
RQ_864,204,WP_PM44,WP_W44
RQ_869,105,WP_BBM9,WP_AM22
RQ_873,378,WP_KEM1,WP_B85
RQ_216,249,WP_HG54,WP_B85
RQ_222,474,WP_C28M,WP_GSM
RQ_11,76,WP_TBC2,WP_BKRM
RQ_887,128,WP_BE13,WP_AM79
RQ_894,294,WP_SK55,WP_CK34
RQ_451,232,WP_BKRM,WP_TY1
RQ_901,213,WP_BKRM,WP_TJ39
RQ_904,262,WP_W12M,WP_SE29
RQ_910,285,WP_IABY,WP_SH2
RQ_911,278,WP_PL16,WP_Y61M
RQ_55,378,WP_C28M,WP_JM17
RQ_921,275,WP_BJ5,WP_S101
RQ_923,250,WP_BKRM,WP_AM32
RQ_929,259,WP_SK55,WP_TWM2
RQ_933,460,WP_DRM2,WP_Y64M
RQ_937,141,WP_SH2,WP_AM79
RQ_927,97,WP_BBM7,WP_KEM1
RQ_237,243,WP_IABY,WP_SB38
RQ_947,331,WP_THM,WP_IUPX
RQ_952,351,WP_B71,WP_J58
RQ_957,263,WP_CK74,WP_BE13
RQ_239,348,WP_SH2,WP_TBC2
RQ_964,350,WP_BJ5,WP_SB14
RQ_969,308,WP_TPM8,WP_J58
RQ_971,580,WP_BBM6,WP_Y61M
RQ_978,578,WP_SB14,WP_JM17
RQ_489,277,WP_J75M,WP_W63
RQ_984,549,WP_TJ39,WP_TPMD
RQ_990,264,WP_KEM1,WP_TGM1
RQ_992,361,WP_THM,WP_TM7
RQ_248,356,WP_AM79,WP_GMLM
RQ_249,652,WP_THM,WP_Y64M
RQ_250,755,WP_MM2,WP_SH2
RQ_125,617,WP_AM22,WP_TBC2
RQ_252,682,WP_GMLM,WP_W574
RQ_14,298,WP_TJ39,WP_J75M
RQ_509,460,WP_W574,WP_TM7
RQ_130,562,WP_SE29,WP_AM32
RQ_512,457,WP_BJ59,WP_C28M
RQ_515,313,WP_TY1,WP_BJ5
RQ_518,427,WP_TM41,WP_SB38
RQ_262,711,WP_C28M,WP_TM46
RQ_522,820,WP_PL16,WP_IUPX
RQ_128,714,WP_Y61M,WP_W12M
RQ_523,548,WP_W95,WP_BBM7
RQ_527,532,WP_TPM,WP_W574
RQ_15,361,WP_SIM6,WP_TWM2
RQ_531,716,WP_THM,WP_AM22
RQ_534,283,WP_KEM1,WP_HLM
RQ_536,789,WP_PL62,WP_SB38
RQ_537,557,WP_W12M,WP_J58
RQ_270,637,WP_MM2,WP_TPMD
RQ_540,587,WP_BKRM,WP_SB14
RQ_272,333,WP_TGM1,WP_KEM1
RQ_277,82,WP_HLM,WP_JM1
RQ_548,400,WP_FR3M,WP_MM2
RQ_549,681,WP_MM2,WP_DRM2
RQ_551,782,WP_TPMD,WP_W12M
RQ_553,873,WP_AM22,WP_JM17
RQ_556,418,WP_BBM6,WP_MP5M
RQ_45,169,WP_IUPX,WP_J75M
RQ_560,538,WP_SE40,WP_TPMD
RQ_281,268,WP_TM51,WP_TPMD
RQ_563,792,WP_TM7,WP_PL62
RQ_565,583,WP_GMLM,WP_SH2
RQ_67,569,WP_TPMD,WP_PM44
RQ_569,592,WP_HG54,WP_THM
RQ_286,296,WP_BKRM,WP_W574
RQ_574,371,WP_MP5M,WP_TM41
RQ_143,569,WP_J75M,WP_IABY
RQ_578,750,WP_S105,WP_W44
RQ_74,313,WP_BBM6,WP_W95
RQ_579,283,WP_HG93,WP_AM32
RQ_583,806,WP_B71,WP_TY1
RQ_291,742,WP_SK55,WP_HG93
RQ_144,439,WP_Y64M,WP_HG95
RQ_294,769,WP_FR3M,WP_TWM2
RQ_295,794,WP_BBM6,WP_KEM1
RQ_593,982,WP_DRM2,WP_NBRM
RQ_595,542,WP_AM32,WP_TWM2
RQ_34,322,WP_BBM9,WP_GSM
RQ_300,497,WP_TPM8,WP_SH2
RQ_299,578,WP_C22M,WP_W12M
RQ_604,395,WP_AM22,WP_PRM1
RQ_73,268,WP_SE50,WP_PRM1
RQ_18,1011,WP_HG95,WP_TM46
RQ_303,710,WP_W574,WP_THM
RQ_612,485,WP_TM51,WP_KTM6
RQ_75,688,WP_C22M,WP_SK55
RQ_307,942,WP_TGM1,WP_TWM2
RQ_617,760,WP_SE50,WP_PL62
RQ_151,534,WP_TPMD,WP_HG47
RQ_38,411,WP_PRM1,WP_HLM
RQ_155,744,WP_TM41,WP_TM46
RQ_623,659,WP_AM32,WP_BBM9
RQ_156,624,WP_C28M,WP_DRM2
RQ_625,494,WP_PL62,WP_HG47
RQ_632,557,WP_TGM1,WP_TY1
RQ_634,1124,WP_PM12,WP_GSM
RQ_636,578,WP_B97,WP_PRM1
RQ_318,892,WP_KTM6,WP_TM41
RQ_3,417,WP_IABY,WP_BBM7
RQ_319,609,WP_SH2,WP_HG95
RQ_644,461,WP_B74,WP_TPMD
RQ_643,451,WP_Y28M,WP_TGM1
RQ_648,578,WP_GSM,WP_TM51
RQ_326,547,WP_TJ39,WP_TPM8
RQ_162,768,WP_C28M,WP_KM3
RQ_325,702,WP_TM41,WP_BBM9
RQ_327,578,WP_HG47,WP_IUPX
RQ_657,693,WP_AM79,WP_IUPX
RQ_81,516,WP_KM3,WP_PRM1
RQ_330,529,WP_TJ39,WP_TM51
RQ_331,842,WP_TBC2,WP_SH2
RQ_663,717,WP_HG93,WP_B74
RQ_82,607,WP_HG95,WP_SE29
RQ_668,394,WP_CK64,WP_TM46
RQ_672,721,WP_BKRM,WP_Y28M
RQ_673,423,WP_GMLM,WP_B71
RQ_676,947,WP_C22M,WP_B71
RQ_336,727,WP_B74,WP_BBM6
RQ_680,773,WP_CK60,WP_C28M
RQ_681,689,WP_HLM,WP_SH2
RQ_341,711,WP_GSM,WP_W44
RQ_684,673,WP_MP5M,WP_W44
RQ_42,476,WP_BBM6,WP_AM22
RQ_689,771,WP_HG47,WP_BL21
RQ_172,1030,WP_PRM1,WP_FR3M
RQ_694,454,WP_TPM,WP_CK74
RQ_174,738,WP_SIM6,WP_THM
RQ_696,533,WP_TGM1,WP_HLM
RQ_700,699,WP_TJ39,WP_PM44
RQ_349,644,WP_TM7,WP_PM12
RQ_704,445,WP_KM3,WP_W95
RQ_178,341,WP_SB38,WP_PRM1
RQ_707,640,WP_SK55,WP_B71
RQ_709,822,WP_MM2,WP_AM32
RQ_356,675,WP_KEM1,WP_J58
RQ_712,625,WP_B97,WP_AM32
RQ_716,754,WP_TPM,WP_TM41
RQ_358,612,WP_TM46,WP_HG47
RQ_359,625,WP_HG54,WP_FR3M
RQ_722,398,WP_Y64M,WP_BKRM
RQ_180,1219,WP_PM44,WP_TM51
RQ_361,1029,WP_IABY,WP_HG47
RQ_364,665,WP_S105,WP_MP5M
RQ_730,686,WP_BJ59,WP_CK60
RQ_366,683,WP_KM3,WP_DRM2
RQ_733,671,WP_TM7,WP_C22M
RQ_735,807,WP_HG54,WP_S105
RQ_736,619,WP_TWM2,WP_W12M
RQ_738,508,WP_PM44,WP_B71
RQ_740,239,WP_W63,WP_TM41
RQ_743,764,WP_AM79,WP_SIM6
RQ_44,316,WP_HG47,WP_W95
RQ_748,413,WP_Y64M,WP_SK55
RQ_749,970,WP_BKRM,WP_W44
RQ_752,1294,WP_S105,WP_TPMD
RQ_754,466,WP_GSM,WP_HLM
RQ_755,864,WP_KTM6,WP_SE40
RQ_188,446,WP_MP5M,WP_PL16
RQ_760,664,WP_TM41,WP_BBM7
RQ_381,373,WP_J58,WP_SB38
RQ_379,672,WP_DRM2,WP_HLM
RQ_765,288,WP_BBM9,WP_HG47
RQ_383,945,WP_BBM9,WP_AM79
RQ_386,502,WP_SIM6,WP_HG93
RQ_771,505,WP_SE50,WP_HG54
RQ_774,736,WP_MM2,WP_IABY
RQ_193,995,WP_FR3M,WP_BBM6
RQ_777,604,WP_AM32,WP_Y54M
RQ_780,846,WP_J58,WP_THM
RQ_782,902,WP_SH2,WP_C28M
RQ_391,800,WP_THM,WP_JM17
RQ_96,610,WP_Y61M,WP_PL16
RQ_788,431,WP_FR3M,WP_RHM3
RQ_790,954,WP_SE29,WP_C22M
RQ_98,732,WP_KM3,WP_Y61M
RQ_395,701,WP_AM22,WP_GSM
RQ_795,805,WP_MP5M,WP_BBM9
RQ_772,124,WP_BL21,WP_TY1
RQ_400,733,WP_THM,WP_W12M
RQ_800,729,WP_TM51,WP_SB38
RQ_804,747,WP_J58,WP_GMLM
RQ_399,580,WP_PM12,WP_B74
RQ_201,381,WP_PL16,WP_C28M
RQ_199,302,WP_B85,WP_TGM1
RQ_812,795,WP_DRM2,WP_SB38
RQ_406,687,WP_FR3M,WP_AM32
RQ_815,591,WP_TPM8,WP_HG93
RQ_97,243,WP_BBM7,WP_MM2
RQ_819,782,WP_KTM6,WP_PL62
RQ_822,436,WP_W63,WP_TBC2
RQ_823,356,WP_S105,WP_TPM8
RQ_205,226,WP_DRM2,WP_BKRM
RQ_828,637,WP_MP5M,WP_PM12
RQ_413,552,WP_KM3,WP_B97
RQ_208,1010,WP_DRM2,WP_W95
RQ_834,731,WP_W574,WP_SE40
RQ_51,1023,WP_TGM1,WP_MP5M
RQ_837,1341,WP_AM32,WP_Y28M
RQ_839,574,WP_CK60,WP_AM32
RQ_841,534,WP_J58,WP_GMLM
RQ_105,467,WP_PL62,WP_BKRM
RQ_845,726,WP_TPM,WP_GMLM
RQ_12,714,WP_SK55,WP_CK64
RQ_424,1076,WP_BE13,WP_GSM
RQ_52,635,WP_PL16,WP_CK64
RQ_853,404,WP_C28M,WP_CK64
RQ_428,614,WP_PM12,WP_BL21
RQ_106,653,WP_SB38,WP_Y64M
RQ_427,302,WP_SIM6,WP_S101
RQ_861,209,WP_BBM7,WP_SH2
RQ_432,552,WP_TGM1,WP_MP5M
RQ_53,299,WP_KEM1,WP_HG93
RQ_434,959,WP_AM32,WP_B74
RQ_870,143,WP_PL62,WP_NBRM
RQ_871,982,WP_KTM6,WP_KEM1
RQ_218,567,WP_TM41,WP_CK34
RQ_438,808,WP_RHM3,WP_TM7
RQ_877,568,WP_PRM1,WP_JM17
RQ_879,817,WP_SB38,WP_TGM1
RQ_110,693,WP_KTM6,WP_AM22
RQ_442,671,WP_S105,WP_TPMD
RQ_886,746,WP_SB14,WP_BJ59
RQ_443,375,WP_Y54M,WP_W44
RQ_888,236,WP_CK64,WP_JM1
RQ_446,566,WP_TBC2,WP_HG93
RQ_891,503,WP_KTM6,WP_Y64M
RQ_896,549,WP_BKRM,WP_SIM6
RQ_225,396,WP_HG93,WP_IUPX
RQ_900,1114,WP_W63,WP_SB14
RQ_449,547,WP_SH2,WP_PM12
RQ_226,510,WP_NBRM,WP_TJ39
RQ_906,926,WP_B85,WP_C22M
RQ_111,883,WP_SE29,WP_W44
RQ_907,426,WP_TY1,WP_SH2
RQ_228,304,WP_SB14,WP_KM3
RQ_914,716,WP_FR3M,WP_TM51
RQ_114,444,WP_Y64M,WP_W574
RQ_918,537,WP_TM46,WP_JM1
RQ_27,453,WP_KM3,WP_C28M
RQ_56,332,WP_FR3M,WP_HG93
RQ_462,441,WP_DRM2,WP_MM2
RQ_925,639,WP_AM79,WP_S101
RQ_928,761,WP_Y28M,WP_JM1
RQ_231,641,WP_W95,WP_PM12
RQ_931,753,WP_J75M,WP_TPM
RQ_932,669,WP_W44,WP_BL21
RQ_463,240,WP_DRM2,WP_JM17
RQ_236,235,WP_C28M,WP_W63
RQ_940,766,WP_PRM1,WP_HG95
RQ_470,377,WP_SE50,WP_SE29
RQ_472,1094,WP_KTM6,WP_TWM2
RQ_945,951,WP_KTM6,WP_IABY
RQ_474,708,WP_B74,WP_BJ59
RQ_950,698,WP_CK34,WP_PM32
RQ_115,511,WP_BL21,WP_CK34
RQ_954,363,WP_Y64M,WP_KM3
RQ_956,807,WP_SH2,WP_MP5M
RQ_478,623,WP_MM2,WP_PM44
RQ_959,420,WP_TGM1,WP_BBM7
RQ_59,559,WP_BL21,WP_BBM9
RQ_119,870,WP_BE13,WP_B71
RQ_966,885,WP_SE50,WP_B74
RQ_968,832,WP_PL62,WP_SIM6
RQ_242,436,WP_Y28M,WP_TM51
RQ_972,821,WP_SIM6,WP_HG54
RQ_974,607,WP_TPM8,WP_HG54
RQ_976,732,WP_W44,WP_W574
RQ_975,582,WP_HG47,WP_MM2
RQ_979,968,WP_TM41,WP_DRM2
RQ_490,296,WP_Y61M,WP_GSM
RQ_491,616,WP_B74,WP_IABY
RQ_243,639,WP_J75M,WP_TPMD
RQ_493,419,WP_TY1,WP_TM51
RQ_987,302,WP_BE13,WP_SIM6
RQ_247,553,WP_B71,WP_SE40
RQ_994,774,WP_TM7,WP_SH2
RQ_497,654,WP_BKRM,WP_J75M
RQ_998,917,WP_KM3,WP_CK34
RQ_999,887,WP_TM46,WP_HLM
RQ_500,745,WP_Y54M,WP_J75M
RQ_501,1371,WP_CK64,WP_Y28M
RQ_502,1305,WP_B85,WP_TM46
RQ_503,901,WP_SH2,WP_FR3M
RQ_504,828,WP_GMLM,WP_TPM
RQ_505,1056,WP_W44,WP_BJ59
RQ_506,1322,WP_B97,WP_HG54
RQ_126,1200,WP_Y61M,WP_J58
RQ_508,1405,WP_SE50,WP_W63
RQ_254,606,WP_Y61M,WP_HG95
RQ_510,1081,WP_BBM7,WP_J58
RQ_63,1378,WP_TM51,WP_AM79
RQ_511,647,WP_TY1,WP_TGM1
RQ_7,816,WP_TM51,WP_CK64
RQ_514,1265,WP_Y54M,WP_CK74
RQ_257,1250,WP_B85,WP_PRM1
RQ_258,742,WP_FR3M,WP_BBM6
RQ_517,1391,WP_BBM6,WP_HLM
RQ_127,1207,WP_BL21,WP_THM
RQ_64,1195,WP_W12M,WP_IUPX
RQ_260,903,WP_THM,WP_PRM1
RQ_521,1198,WP_SE50,WP_B71
RQ_259,1121,WP_AM22,WP_MP5M
RQ_261,1035,WP_W44,WP_TM51
RQ_524,1207,WP_CK74,WP_TJ39
RQ_525,1394,WP_BBM7,WP_C22M
RQ_129,806,WP_TPM,WP_GSM
RQ_32,1112,WP_GMLM,WP_C28M
RQ_528,1057,WP_W95,WP_B74
RQ_529,948,WP_JM17,WP_CK34
RQ_131,514,WP_HG95,WP_S105
RQ_265,1199,WP_BKRM,WP_BE13
RQ_266,986,WP_SB38,WP_TPMD
RQ_132,1038,WP_Y28M,WP_NBRM
RQ_532,389,WP_TM46,WP_PRM1
RQ_535,991,WP_CK74,WP_B71
RQ_31,803,WP_MM2,WP_W95
RQ_267,789,WP_GMLM,WP_SE40
RQ_133,778,WP_BBM7,WP_CK74
RQ_134,954,WP_TPM,WP_NBRM
RQ_539,819,WP_BBM6,WP_SIM6
RQ_269,876,WP_W95,WP_JM17
RQ_541,779,WP_BBM9,WP_W44
RQ_16,1439,WP_CK60,WP_GMLM
RQ_1,709,WP_HG95,WP_TPM8
RQ_545,1114,WP_W63,WP_SB38
RQ_271,983,WP_TM46,WP_W44
RQ_135,1354,WP_NBRM,WP_W12M
RQ_274,1192,WP_B97,WP_GSM
RQ_273,1343,WP_MP5M,WP_CK60
RQ_550,1357,WP_TM51,WP_TWM2
RQ_68,1412,WP_J58,WP_HG95
RQ_552,789,WP_RHM3,WP_FR3M
RQ_276,1310,WP_HG47,WP_C28M
RQ_554,1437,WP_SB14,WP_B74
RQ_138,706,WP_BBM9,WP_BJ5
RQ_555,450,WP_MM2,WP_KEM1
RQ_557,418,WP_KM3,WP_JM17
RQ_136,179,WP_TY1,WP_MP5M
RQ_139,1285,WP_TPM,WP_S105
RQ_140,861,WP_TY1,WP_C28M
RQ_279,1275,WP_B71,WP_W44
RQ_559,447,WP_BBM7,WP_TY1
RQ_33,1112,WP_SB38,WP_BL21
RQ_564,1426,WP_JM1,WP_SK55
RQ_282,721,WP_Y64M,WP_B74
RQ_566,1269,WP_JM17,WP_GMLM
RQ_141,942,WP_CK74,WP_JM17
RQ_567,662,WP_CK34,WP_TWM2
RQ_284,1320,WP_BJ5,WP_IABY
RQ_570,1235,WP_W63,WP_PM12
RQ_142,1276,WP_TPM8,WP_PL16
RQ_571,897,WP_S105,WP_JM1
RQ_573,1240,WP_SK55,WP_TGM1
RQ_283,536,WP_MP5M,WP_PRM1
RQ_71,1357,WP_Y28M,WP_TJ39
RQ_576,593,WP_MM2,WP_B71
RQ_287,1019,WP_Y61M,WP_AM22
RQ_577,826,WP_CK74,WP_BKRM
RQ_72,713,WP_NBRM,WP_HG95
RQ_580,1209,WP_TWM2,WP_BBM9
RQ_290,884,WP_SE40,WP_IABY
RQ_582,640,WP_KTM6,WP_JM1
RQ_17,1127,WP_HG47,WP_SE40
RQ_584,954,WP_KM3,WP_CK74
RQ_292,785,WP_TM46,WP_TY1
RQ_586,886,WP_MP5M,WP_TY1
RQ_145,1066,WP_Y28M,WP_TM41
RQ_587,452,WP_SK55,WP_BBM7
RQ_589,1090,WP_PM12,WP_IABY
RQ_590,863,WP_BBM9,WP_PL62
RQ_591,942,WP_THM,WP_CK74
RQ_147,928,WP_KEM1,WP_HG54
RQ_296,1401,WP_Y64M,WP_HG95
RQ_594,1430,WP_TPM,WP_FR3M
RQ_8,843,WP_Y28M,WP_CK34
RQ_596,711,WP_C22M,WP_HG93
RQ_597,1305,WP_CK64,WP_TJ39
RQ_598,882,WP_TM46,WP_B97
RQ_35,600,WP_IUPX,WP_CK74
RQ_600,903,WP_GSM,WP_BJ5
RQ_601,710,WP_Y64M,WP_SK55
RQ_602,914,WP_RHM3,WP_KEM1
RQ_301,1316,WP_C22M,WP_J75M
RQ_603,428,WP_B74,WP_HG54
RQ_150,822,WP_Y64M,WP_TWM2
RQ_606,1104,WP_BBM7,WP_S105
RQ_607,1088,WP_W574,WP_SK55
RQ_608,1116,WP_BJ59,WP_SB38
RQ_304,1088,WP_W574,WP_B71
RQ_609,892,WP_TY1,WP_FR3M
RQ_152,1104,WP_PM44,WP_J58
RQ_306,628,WP_Y54M,WP_CK64
RQ_613,809,WP_PM44,WP_HG47
RQ_614,800,WP_DRM2,WP_MP5M
RQ_76,1024,WP_AM79,WP_DRM2
RQ_616,1437,WP_B97,WP_Y28M
RQ_308,1033,WP_JM17,WP_KTM6
RQ_618,1119,WP_Y61M,WP_HLM
RQ_309,1008,WP_BKRM,WP_SB14
RQ_620,894,WP_SE29,WP_TPM8
RQ_310,1012,WP_SE40,WP_TY1
RQ_622,1161,WP_C22M,WP_SIM6
RQ_311,814,WP_S101,WP_TY1
RQ_624,768,WP_JM17,WP_NBRM
RQ_312,1116,WP_PL16,WP_TPM8
RQ_626,778,WP_DRM2,WP_AM32
RQ_627,1052,WP_B71,WP_SIM6
RQ_313,736,WP_BBM6,WP_FR3M
RQ_314,885,WP_AM22,WP_TGM1
RQ_630,933,WP_IABY,WP_TGM1
RQ_78,1430,WP_BKRM,WP_J75M
RQ_631,1117,WP_TM51,WP_TY1
RQ_315,1390,WP_Y64M,WP_FR3M
RQ_633,1241,WP_CK74,WP_CK64
RQ_157,1088,WP_CK74,WP_BBM7
RQ_635,662,WP_B85,WP_PM44
RQ_637,1341,WP_B97,WP_CK34
RQ_638,1042,WP_TPMD,WP_W44
RQ_639,1416,WP_JM1,WP_IABY
RQ_4,1191,WP_B71,WP_B85
RQ_641,860,WP_MM2,WP_Y61M
RQ_642,1068,WP_KTM6,WP_SK55
RQ_321,1000,WP_W95,WP_TM51
RQ_160,728,WP_BBM7,WP_W95
RQ_645,1009,WP_W12M,WP_HLM
RQ_322,839,WP_GMLM,WP_W95
RQ_79,964,WP_MM2,WP_TM7
RQ_323,924,WP_AM32,WP_BBM7
RQ_324,1289,WP_JM1,WP_TM41
RQ_650,946,WP_PRM1,WP_BL21
RQ_651,1116,WP_W12M,WP_TGM1
RQ_652,1310,WP_NBRM,WP_SH2
RQ_653,1308,WP_TM7,WP_RHM3
RQ_654,1130,WP_BKRM,WP_MM2
RQ_39,725,WP_SE40,WP_B85
RQ_656,736,WP_SE50,WP_W63
RQ_328,832,WP_CK34,WP_TY1
RQ_658,1174,WP_NBRM,WP_W95
RQ_164,1220,WP_CK74,WP_PM12
RQ_660,1067,WP_Y64M,WP_AM22
RQ_661,1252,WP_DRM2,WP_THM
RQ_662,1000,WP_PRM1,WP_W95
RQ_165,974,WP_BBM6,WP_BJ59
RQ_664,975,WP_IUPX,WP_TPM
RQ_665,1190,WP_Y54M,WP_C22M
RQ_332,946,WP_PRM1,WP_NBRM
RQ_667,1070,WP_SK55,WP_W95
RQ_166,1061,WP_J75M,WP_MP5M
RQ_669,1210,WP_W95,WP_KTM6
RQ_333,810,WP_PM44,WP_MP5M
RQ_83,1344,WP_TPM8,WP_TM7
RQ_335,1029,WP_CK34,WP_B97
RQ_168,1052,WP_B74,WP_Y54M
RQ_674,571,WP_FR3M,WP_PM12
RQ_167,1302,WP_IABY,WP_BJ59
RQ_675,1016,WP_HG93,WP_DRM2
RQ_338,1238,WP_AM32,WP_SB14
RQ_678,1313,WP_Y64M,WP_J75M
RQ_20,1216,WP_Y64M,WP_B85
RQ_679,986,WP_AM79,WP_J58
RQ_340,896,WP_TPMD,WP_BBM7
RQ_682,698,WP_TM41,WP_MM2
RQ_683,879,WP_Y64M,WP_BBM7
RQ_169,820,WP_PRM1,WP_RHM3
RQ_342,1253,WP_C22M,WP_MP5M
RQ_686,1147,WP_S101,WP_C28M
RQ_343,1058,WP_BBM9,WP_W95
RQ_41,478,WP_BJ59,WP_TM7
RQ_344,1044,WP_SIM6,WP_AM79
RQ_690,1235,WP_MP5M,WP_TM41
RQ_345,1280,WP_HG54,WP_JM17
RQ_692,1358,WP_MP5M,WP_S105
RQ_693,1375,WP_GSM,WP_C22M
RQ_346,1107,WP_CK64,WP_Y61M
RQ_695,1273,WP_CK64,WP_BE13
RQ_173,992,WP_MP5M,WP_W574
RQ_347,991,WP_TPM,WP_TWM2
RQ_698,897,WP_MP5M,WP_DRM2
RQ_86,914,WP_TWM2,WP_SB38
RQ_699,706,WP_JM1,WP_BJ5
RQ_701,1425,WP_PM32,WP_HG93
RQ_350,970,WP_JM1,WP_IABY
RQ_175,1263,WP_TM41,WP_BE13
RQ_351,1043,WP_SE50,WP_TPM8
RQ_176,1051,WP_KTM6,WP_TPMD
RQ_706,690,WP_PL62,WP_GMLM
RQ_43,1121,WP_HLM,WP_SB38
RQ_708,838,WP_CK64,WP_KM3
RQ_354,992,WP_GMLM,WP_NBRM
RQ_710,917,WP_TPM8,WP_IABY
RQ_711,1063,WP_TY1,WP_JM17
RQ_88,911,WP_SH2,WP_PM12
RQ_355,778,WP_HG93,WP_BBM7
RQ_714,1221,WP_SH2,WP_KM3
RQ_715,1228,WP_B74,WP_S101
RQ_87,775,WP_HG54,WP_BKRM
RQ_717,730,WP_MP5M,WP_TBC2
RQ_357,642,WP_TJ39,WP_W12M
RQ_719,1194,WP_BKRM,WP_BL21
RQ_89,1191,WP_THM,WP_AM32
RQ_179,1129,WP_GMLM,WP_TPM8
RQ_721,951,WP_TPM,WP_BBM6
RQ_723,1319,WP_SB14,WP_TY1
RQ_724,1315,WP_Y64M,WP_JM17
RQ_725,1202,WP_SE40,WP_TBC2
RQ_726,1035,WP_SK55,WP_TGM1
RQ_21,991,WP_J58,WP_RHM3
RQ_90,719,WP_IABY,WP_BJ59
RQ_729,1153,WP_SIM6,WP_SK55
RQ_363,857,WP_TBC2,WP_HG54
RQ_365,1235,WP_FR3M,WP_Y61M
RQ_732,863,WP_THM,WP_C22M
RQ_182,942,WP_HG93,WP_SE50
RQ_734,819,WP_W12M,WP_C22M
RQ_183,1353,WP_PM12,WP_SB38
RQ_368,950,WP_PM12,WP_BE13
RQ_184,1061,WP_S101,WP_BBM6
RQ_737,1004,WP_PL16,WP_W44
RQ_369,1219,WP_CK64,WP_PM44
RQ_9,824,WP_SK55,WP_S101
RQ_91,1167,WP_W12M,WP_CK60
RQ_741,907,WP_CK74,WP_PRM1
RQ_92,1339,WP_TM7,WP_PRM1
RQ_186,873,WP_W12M,WP_BL21
RQ_745,1151,WP_SK55,WP_W63
RQ_371,963,WP_CK64,WP_BJ59
RQ_747,1071,WP_AM22,WP_TJ39
RQ_185,929,WP_TWM2,WP_RHM3
RQ_374,1037,WP_CK60,WP_BJ59
RQ_750,1373,WP_KM3,WP_SE29
RQ_93,1409,WP_KEM1,WP_BBM6
RQ_751,1330,WP_PL62,WP_W44
RQ_753,1098,WP_S101,WP_PM12
RQ_375,592,WP_HG95,WP_HG47
RQ_187,1299,WP_TPMD,WP_JM17
RQ_378,887,WP_BJ5,WP_DRM2
RQ_377,971,WP_HG54,WP_Y54M
RQ_758,483,WP_TBC2,WP_J75M
RQ_189,1421,WP_S101,WP_SB14
RQ_46,853,WP_PM12,WP_C22M
RQ_380,894,WP_TM51,WP_W574
RQ_759,441,WP_CK34,WP_BE13
RQ_190,1092,WP_BBM7,WP_KTM6
RQ_763,911,WP_BBM9,WP_AM79
RQ_382,951,WP_SB14,WP_KM3
RQ_766,1140,WP_SB38,WP_MM2
RQ_23,1175,WP_BJ5,WP_Y28M
RQ_768,1159,WP_CK64,WP_Y61M
RQ_384,1161,WP_TJ39,WP_MM2
RQ_767,728,WP_HG93,WP_BBM6
RQ_385,1428,WP_TPM,WP_SB38
RQ_95,627,WP_DRM2,WP_J58
RQ_773,851,WP_J75M,WP_MP5M
RQ_192,762,WP_BBM7,WP_C22M
RQ_47,1066,WP_HG95,WP_CK74
RQ_775,1043,WP_TPM,WP_SK55
RQ_387,1034,WP_S101,WP_GMLM
RQ_778,660,WP_HLM,WP_TY1
RQ_389,1349,WP_C22M,WP_Y54M
RQ_779,1332,WP_TGM1,WP_BE13
RQ_194,1246,WP_C28M,WP_TM41
RQ_781,1099,WP_TY1,WP_J75M
RQ_48,1390,WP_B71,WP_TM41
RQ_784,1173,WP_JM1,WP_MP5M
RQ_392,867,WP_TM41,WP_GMLM
RQ_785,730,WP_B71,WP_BE13
RQ_195,1155,WP_HLM,WP_FR3M
RQ_393,1095,WP_CK60,WP_CK64
RQ_394,1153,WP_DRM2,WP_AM79
RQ_789,1040,WP_HG47,WP_W63
RQ_791,932,WP_GSM,WP_W44
RQ_792,1088,WP_W12M,WP_PM32
RQ_793,1286,WP_BL21,WP_SH2
RQ_396,781,WP_HLM,WP_PL62
RQ_397,1351,WP_BBM9,WP_B71
RQ_398,1097,WP_KEM1,WP_SE29
RQ_198,1218,WP_Y64M,WP_FR3M
RQ_797,567,WP_SE40,WP_AM32
RQ_2,1054,WP_PM32,WP_TWM2
RQ_799,1008,WP_MM2,WP_THM
RQ_99,1022,WP_C28M,WP_Y54M
RQ_801,765,WP_TM41,WP_SE40
RQ_200,1103,WP_FR3M,WP_DRM2
RQ_803,841,WP_BL21,WP_TPMD
RQ_402,1200,WP_AM79,WP_TWM2
RQ_806,1428,WP_TM51,WP_BBM6
RQ_100,1431,WP_BE13,WP_IUPX
RQ_808,411,WP_SE29,WP_CK64
RQ_403,1307,WP_PL16,WP_BJ59
RQ_809,700,WP_SK55,WP_TM46
RQ_405,1269,WP_TY1,WP_TM51
RQ_811,1232,WP_SB38,WP_GSM
RQ_202,1197,WP_MM2,WP_W12M
RQ_814,863,WP_KM3,WP_BKRM
RQ_24,1023,WP_GMLM,WP_MP5M
RQ_408,799,WP_CK34,WP_GSM
RQ_407,840,WP_SE50,WP_PM44
RQ_816,386,WP_JM1,WP_BJ5
RQ_409,1160,WP_W12M,WP_BJ59
RQ_820,888,WP_BE13,WP_BKRM
RQ_821,1219,WP_BBM9,WP_BBM7
RQ_203,887,WP_KM3,WP_KTM6
RQ_411,812,WP_AM79,WP_BL21
RQ_824,453,WP_J75M,WP_SE50
RQ_825,969,WP_BBM6,WP_TM51
RQ_50,539,WP_PM12,WP_W95
RQ_827,1256,WP_PM32,WP_SIM6
RQ_206,672,WP_B85,WP_PM32
RQ_414,1367,WP_PM44,WP_FR3M
RQ_829,884,WP_TWM2,WP_BBM7
RQ_103,1341,WP_PL16,WP_CK34
RQ_832,1329,WP_CK60,WP_AM22
RQ_416,1249,WP_HLM,WP_TY1
RQ_833,777,WP_HG95,WP_DRM2
RQ_417,1324,WP_MM2,WP_MP5M
RQ_835,1145,WP_HG93,WP_FR3M
RQ_418,1400,WP_PM12,WP_TM7
RQ_838,1380,WP_KTM6,WP_C22M
RQ_104,1353,WP_GSM,WP_BBM7
RQ_840,658,WP_W12M,WP_BJ59
RQ_419,1253,WP_DRM2,WP_BBM7
RQ_842,1349,WP_SK55,WP_SE50
RQ_843,939,WP_BE13,WP_FR3M
RQ_207,885,WP_W63,WP_BJ59
RQ_422,1106,WP_SE50,WP_KTM6
RQ_846,810,WP_PM12,WP_CK60
RQ_847,1000,WP_Y61M,WP_TPM8
RQ_211,872,WP_W12M,WP_HLM
RQ_849,1309,WP_PM32,WP_BJ5
RQ_850,1362,WP_SB38,WP_TM7
RQ_212,854,WP_DRM2,WP_HG54
RQ_852,836,WP_CK64,WP_TPM8
RQ_426,818,WP_KM3,WP_Y28M
RQ_851,538,WP_KEM1,WP_DRM2
RQ_213,1114,WP_TJ39,WP_C28M
RQ_856,1045,WP_Y54M,WP_B71
RQ_857,942,WP_W95,WP_NBRM
RQ_858,1331,WP_C28M,WP_GMLM
RQ_214,1141,WP_Y61M,WP_Y54M
RQ_860,1141,WP_KEM1,WP_HG93
RQ_430,1213,WP_SE29,WP_SE50
RQ_862,460,WP_TM51,WP_B85
RQ_107,1287,WP_BBM6,WP_B97
RQ_863,587,WP_Y28M,WP_TPMD
RQ_865,1212,WP_BBM9,WP_TPM8
RQ_26,821,WP_TM46,WP_TJ39
RQ_433,1334,WP_HG93,WP_W63
RQ_867,1149,WP_BKRM,WP_THM
RQ_215,1207,WP_BJ59,WP_TJ39
RQ_868,249,WP_TWM2,WP_PRM1
RQ_108,1320,WP_TPMD,WP_W574
RQ_872,1281,WP_B97,WP_SE40
RQ_435,875,WP_PM12,WP_HG95
RQ_874,940,WP_MP5M,WP_Y64M
RQ_217,1222,WP_TPM,WP_HLM
RQ_876,1124,WP_B85,WP_RHM3
RQ_437,1123,WP_TM51,WP_IABY
RQ_878,992,WP_TM51,WP_DRM2
RQ_54,1150,WP_PM12,WP_GSM
RQ_880,1151,WP_B85,WP_THM
RQ_881,1055,WP_PL16,WP_TM51
RQ_440,845,WP_AM32,WP_PRM1
RQ_883,1040,WP_B71,WP_TGM1
RQ_441,1003,WP_SK55,WP_TBC2
RQ_220,897,WP_FR3M,WP_Y64M
RQ_885,798,WP_JM1,WP_W95
RQ_109,1119,WP_HG47,WP_AM32
RQ_219,529,WP_B71,WP_TPM8
RQ_444,603,WP_SIM6,WP_KEM1
RQ_890,488,WP_HG95,WP_TPM8
RQ_445,1225,WP_C22M,WP_SE50
RQ_892,653,WP_RHM3,WP_Y61M
RQ_893,796,WP_SH2,WP_TJ39
RQ_221,766,WP_BBM7,WP_CK34
RQ_223,1144,WP_BJ59,WP_S101
RQ_448,665,WP_FR3M,WP_SE50
RQ_13,927,WP_KM3,WP_AM22
RQ_898,506,WP_TPM,WP_IUPX
RQ_224,1369,WP_RHM3,WP_HG47
RQ_899,1281,WP_SK55,WP_B85
RQ_450,1028,WP_IABY,WP_W95
RQ_902,627,WP_HG54,WP_PL16
RQ_112,910,WP_RHM3,WP_TPM
RQ_903,592,WP_W63,WP_PM32
RQ_905,1171,WP_SIM6,WP_PL16
RQ_452,955,WP_CK60,WP_DRM2
RQ_453,1258,WP_GMLM,WP_CK64
RQ_908,1293,WP_MP5M,WP_DRM2
RQ_909,1262,WP_SH2,WP_JM1
RQ_454,985,WP_TM46,WP_CK64
RQ_113,1019,WP_B85,WP_IUPX
RQ_456,642,WP_TY1,WP_J58
RQ_455,871,WP_TPM,WP_TPMD
RQ_913,825,WP_HG93,WP_TPM8
RQ_915,1309,WP_B97,WP_SE50
RQ_916,925,WP_GMLM,WP_HG54
RQ_458,1044,WP_THM,WP_AM22
RQ_917,654,WP_HG95,WP_KTM6
RQ_919,700,WP_B74,WP_CK74
RQ_920,1126,WP_BBM9,WP_TWM2
RQ_460,1281,WP_TM7,WP_CK34
RQ_922,518,WP_Y54M,WP_BL21
RQ_230,1219,WP_TM46,WP_S101
RQ_924,959,WP_IUPX,WP_SK55
RQ_461,762,WP_HG95,WP_SE50
RQ_926,1254,WP_TM7,WP_SE50
RQ_28,1399,WP_BKRM,WP_W63
RQ_464,867,WP_TWM2,WP_FR3M
RQ_232,891,WP_B74,WP_BBM7
RQ_930,1144,WP_TY1,WP_PRM1
RQ_58,942,WP_W63,WP_GSM
RQ_465,841,WP_SE50,WP_TY1
RQ_466,1369,WP_W63,WP_BE13
RQ_934,1356,WP_JM1,WP_C22M
RQ_935,1400,WP_SE40,WP_FR3M
RQ_116,1314,WP_BJ59,WP_BL21
RQ_233,1009,WP_SE29,WP_NBRM
RQ_938,664,WP_CK74,WP_W95
RQ_469,1380,WP_W12M,WP_Y28M
RQ_939,1349,WP_TY1,WP_CK64
RQ_234,1078,WP_BBM7,WP_W44
RQ_941,450,WP_PM32,WP_W95
RQ_117,1345,WP_CK34,WP_PL16
RQ_943,1284,WP_HG93,WP_W63
RQ_57,1098,WP_TM7,WP_BKRM
RQ_944,1005,WP_BE13,WP_SB14
RQ_473,1380,WP_AM22,WP_SH2
RQ_948,804,WP_Y28M,WP_AM22
RQ_235,1163,WP_SE40,WP_KM3
RQ_949,1008,WP_J58,WP_SE40
RQ_118,1247,WP_TY1,WP_RHM3
RQ_951,602,WP_AM32,WP_SK55
RQ_953,1386,WP_GSM,WP_BKRM
RQ_476,911,WP_KM3,WP_AM79
RQ_955,1258,WP_W95,WP_C28M
RQ_238,1249,WP_THM,WP_BBM9
RQ_477,819,WP_S105,WP_IUPX
RQ_958,1127,WP_AM22,WP_TJ39
RQ_29,1328,WP_TBC2,WP_IABY
RQ_960,994,WP_HG54,WP_BBM9
RQ_961,1136,WP_C22M,WP_TPM
RQ_962,1084,WP_BKRM,WP_HG93
RQ_481,1293,WP_HG93,WP_PL62
RQ_963,1113,WP_BBM6,WP_GMLM
RQ_482,1425,WP_J58,WP_TM41
RQ_965,1371,WP_PM32,WP_B97
RQ_120,1215,WP_BBM9,WP_IABY
RQ_484,1000,WP_PM12,WP_JM17
RQ_483,1199,WP_HG93,WP_DRM2
RQ_970,662,WP_Y64M,WP_HG54
RQ_485,1103,WP_IABY,WP_AM32
RQ_241,846,WP_TPM8,WP_KEM1
RQ_973,1409,WP_JM1,WP_TM41
RQ_486,870,WP_SE40,WP_SE50
RQ_121,1204,WP_TPM8,WP_W44
RQ_244,967,WP_DRM2,WP_TWM2
RQ_488,1396,WP_DRM2,WP_C28M
RQ_977,1254,WP_BBM7,WP_AM79
RQ_60,998,WP_AM32,WP_S101
RQ_980,1174,WP_BKRM,WP_TJ39
RQ_981,560,WP_JM1,WP_PRM1
RQ_982,1296,WP_JM17,WP_J75M
RQ_122,1434,WP_C28M,WP_TBC2
RQ_983,869,WP_CK60,WP_BJ5
RQ_985,1426,WP_AM22,WP_MP5M
RQ_986,815,WP_AM22,WP_Y64M
RQ_245,1118,WP_BBM6,WP_THM
RQ_492,579,WP_W63,WP_S101
RQ_494,1362,WP_SIM6,WP_BBM7
RQ_988,363,WP_TGM1,WP_NBRM
RQ_123,1331,WP_AM22,WP_IABY
RQ_991,1300,WP_Y54M,WP_BE13
RQ_495,885,WP_C28M,WP_TPMD
RQ_993,824,WP_W12M,WP_SE50
RQ_124,1116,WP_SH2,WP_W574
RQ_996,1406,WP_AM22,WP_PRM1
RQ_997,1249,WP_W95,WP_HG47
RQ_498,953,WP_BJ5,WP_HG93
RQ_61,1285,WP_NBRM,WP_BE13
